id,Prenom,Nom,Date_Naissance,Date_Debut_Travail,Date_Depart,Salaire,Date_Avis,Avis_Rating,Nbr_Taches_Accomplies_a_Temps,Nbr_Taches_Non_Accomplies
2,Simone,Morin,1996-09-14,2017-10-12,null,116334,2018-01-16,4,47,7
3,Laure,Sanchez,1996-09-14,2015-07-17,2018-04-14,55488,2016-02-07,5,153,20
4,Gabrielle,Carpentier,1990-09-14,2022-06-25,2022-08-04,110443,2022-07-01,4,67,15
5,Arnaude,Guillon,1981-09-14,2019-07-16,2020-01-11,131709,2019-11-29,3,96,15
6,Penelope,Devaux,1996-09-14,2016-11-13,null,61163,2018-12-28,3,6,30
7,Bertrand,Lacombe,1990-09-14,2022-08-26,null,118760,2022-09-08,5,66,7
8,Susan,Dupuy,1990-09-14,2017-10-17,null,124023,2018-04-29,4,22,12
9,Alain,Marty,1981-09-14,2015-11-11,null,74501,2017-08-13,2,17,18
10,Christine,Pinto,1981-09-14,2017-04-03,2020-08-22,121046,2018-06-08,5,165,10
11,Antoinette,Courtois,1990-09-14,2014-12-13,null,133364,2016-04-04,5,197,16
12,Victor,Merle,1996-09-14,2019-10-31,null,51715,2022-02-01,5,12,14
13,Michel,Aubert,1969-09-14,2015-04-18,null,145453,2015-06-18,2,81,8
14,Henri,Bodin,1990-09-14,2018-04-09,null,59150,2020-09-12,3,168,4
15,Catherine,Besson,1996-09-14,2018-11-06,null,55905,2018-11-08,4,141,9
16,Augustin,Briand,1990-09-14,2019-09-08,null,88596,2021-12-16,5,73,10
17,Julien,Legendre,1996-09-14,2022-07-26,null,54556,2022-08-01,5,59,3
18,Alexandrie,Laurent,1996-09-14,2018-07-30,null,115288,2019-02-09,3,108,27
19,Edouard,Mary,1981-09-14,2017-02-10,null,144142,2019-08-11,3,189,23
20,Veronique,Perez,1990-09-14,2019-08-16,null,98284,2020-10-17,2,163,27
21,Camille,Salmon,1969-09-14,2019-06-02,null,120279,2019-07-20,5,94,21
22,Lucie,Masse,1996-09-14,2018-10-17,2021-12-05,132362,2019-11-30,4,193,18
23,Marthe,Le Roux,1990-09-14,2021-12-28,null,86880,2022-07-05,5,14,26
24,Gabriel,Huet,1969-09-14,2018-06-12,2021-06-26,142266,2020-06-16,4,179,30
25,Francoise,Grenier,1996-09-14,2015-10-14,null,145678,2021-10-31,2,44,22
26,Bertrand,Germain,1996-09-14,2021-04-21,null,143164,2021-12-23,4,60,8
27,Clemence,Joubert,1981-09-14,2016-04-11,null,85998,2019-02-27,1,147,26
28,Aurore,Michaud,1981-09-14,2015-02-25,2021-10-30,87196,2015-10-27,5,67,23
29,Matthieu,Imbert,1981-09-14,2017-12-29,null,147791,2018-12-14,2,90,22
30,Margaux,Fernandez,1990-09-14,2018-01-14,null,93885,2020-12-23,5,37,25
31,Monique,Baron,1996-09-14,2021-06-12,null,114271,2022-08-18,5,183,19
32,Gabriel,Antoine,1981-09-14,2019-09-14,null,68451,2021-09-20,3,164,16
33,Lorraine,Becker,1969-09-14,2021-02-01,null,69188,2022-08-09,5,4,5
34,Raymond,Munoz,1981-09-14,2022-09-08,null,142551,2022-09-09,5,131,27
35,Suzanne,Rodrigues,1969-09-14,2017-01-21,null,94290,2020-04-18,3,166,16
36,Marie,Le Goff,1990-09-14,2022-06-30,null,118796,2022-07-23,2,105,10
37,Vincent,Fischer,1990-09-14,2021-07-13,2022-03-26,117672,2022-01-23,5,47,16
38,Josette,Poirier,1996-09-14,2020-10-07,null,65010,2021-04-02,4,189,19
39,Daniel,Lelievre,1996-09-14,2017-10-06,2021-02-02,95656,2019-09-24,3,29,6
40,Raymond,Caron,1990-09-14,2021-06-19,null,105275,2022-08-18,4,59,9
41,Claude,Guyon,1969-09-14,2016-10-03,null,71645,2021-01-25,5,63,13
42,Jacques,Jacquot,1990-09-14,2016-07-11,null,66797,2019-01-03,4,86,22
43,Guillaume,Etienne,1969-09-14,2021-07-20,null,120181,2021-11-26,1,41,17
44,Anais,Le Roux,1996-09-14,2021-10-30,null,52511,2022-07-18,5,177,17
45,Antoine,Le Goff,1969-09-14,2020-03-30,null,56105,2021-08-09,1,10,19
46,Dorothee,Pereira,1969-09-14,2020-09-18,2021-05-07,132812,2020-12-04,3,103,7
47,Susan,Fleury,1969-09-14,2019-02-17,null,71951,2019-05-20,2,63,22
48,Marie,Caron,1981-09-14,2017-11-19,null,121148,2018-05-03,5,173,27
49,Virginie,Robin,1981-09-14,2015-12-18,null,88699,2022-08-06,3,20,18
50,Madeleine,Lemaire,1990-09-14,2021-07-31,null,51313,2022-05-01,3,61,14
51,Mathilde,Rodrigues,1981-09-14,2015-08-28,null,145672,2020-06-20,3,8,18
52,Valentine,Boulay,1981-09-14,2017-03-08,null,83492,2021-06-04,5,170,18
53,Madeleine,Allard,1981-09-14,2017-11-21,2020-07-19,73351,2018-08-04,4,186,11
54,Margaud,Potier,1996-09-14,2019-12-05,null,136665,2022-04-25,5,58,14
55,Marguerite,Ruiz,1969-09-14,2019-12-29,null,113071,2021-11-26,4,160,18
56,Alix,Seguin,1990-09-14,2019-09-10,null,134324,2022-06-18,2,89,9
57,Marc,Allard,1981-09-14,2020-12-01,null,57872,2020-12-23,2,135,16
58,Rene,Rousseau,1969-09-14,2017-03-11,null,140915,2020-12-23,5,180,30
59,Victoire,Camus,1990-09-14,2020-04-25,null,129088,2022-01-11,3,32,27
60,Stephane,Robert,1990-09-14,2022-02-13,null,55632,2022-03-04,2,139,25
61,Thibault,Traore,1990-09-14,2019-01-24,null,135226,2022-03-17,2,70,19
62,Stephane,Chauveau,1990-09-14,2018-04-07,null,84495,2020-03-14,4,124,25
63,Marthe,Lejeune,1969-09-14,2015-11-03,null,135181,2017-07-27,4,81,30
64,Sylvie,Couturier,1996-09-14,2022-07-13,2022-08-24,102613,2022-07-26,3,27,24
65,Nicolas,Paris,1969-09-14,2020-12-28,null,50947,2022-06-21,4,128,10
66,Danielle,Guillou,1969-09-14,2015-11-21,null,63372,2018-10-10,2,82,7
67,David,Hoareau,1981-09-14,2014-09-23,null,108100,2015-04-30,1,58,11
68,Noemi,Guillon,1990-09-14,2016-05-07,null,104433,2018-05-22,1,124,21
69,Mathilde,Maillard,1981-09-14,2016-08-26,null,145192,2017-06-21,4,113,15
70,Christelle,Clement,1990-09-14,2015-01-31,null,103647,2018-01-07,5,142,26
71,Charlotte,Lenoir,1969-09-14,2014-10-13,null,68241,2018-01-07,5,190,3
72,Lorraine,Gimenez,1996-09-14,2015-02-15,null,51224,2018-11-26,2,76,18
73,Maggie,Legendre,1990-09-14,2017-09-13,null,53040,2018-12-19,5,199,29
74,Agnes,Joubert,1969-09-14,2016-03-10,null,121685,2021-01-16,5,148,15
75,Astrid,Lamy,1990-09-14,2021-09-19,null,119849,2022-02-10,4,27,21
76,Denis,Moulin,1996-09-14,2020-12-25,null,119866,2021-02-21,4,145,12
77,Claude,Dupuy,1969-09-14,2019-06-23,null,126708,2021-12-07,4,64,29
78,Julien,Millet,1981-09-14,2018-12-02,2022-01-24,87133,2021-10-21,2,10,15
79,Gabrielle,Lenoir,1990-09-14,2021-01-08,null,82365,2021-05-20,5,182,22
80,Anouk,Vallet,1981-09-14,2018-02-19,null,99341,2018-05-21,5,158,13
81,Noemi,Lopes,1990-09-14,2017-08-01,null,124047,2020-10-12,4,129,5
82,Patricia,Nicolas,1981-09-14,2019-10-22,null,95987,2021-12-15,4,77,13
83,Constance,Vallee,1996-09-14,2016-06-04,2022-09-07,65505,2019-06-17,4,32,15
84,Paul,Mendes,1996-09-14,2020-01-31,2021-10-06,109643,2020-05-12,3,191,22
85,Bernard,Ferrand,1981-09-14,2022-01-20,null,109834,2022-06-05,5,4,10
86,Josette,Mary,1969-09-14,2019-11-13,null,87868,2020-06-06,5,150,16
87,Margaux,Lebrun,1990-09-14,2015-03-16,null,65850,2018-04-24,3,16,3
88,Thibault,Pottier,1990-09-14,2021-02-24,null,106370,2022-02-09,4,28,17
89,Daniel,Costa,1969-09-14,2019-07-03,null,95598,2022-09-02,1,127,16
90,Clemence,Legrand,1996-09-14,2015-08-19,null,75303,2019-07-29,3,181,25
91,Bertrand,Joseph,1990-09-14,2021-01-07,null,114722,2021-02-03,2,47,13
92,Georges,Payet,1990-09-14,2017-07-17,null,90992,2019-05-11,5,125,8
93,Denise,Guyon,1996-09-14,2015-11-24,2021-05-11,55077,2020-05-12,5,175,28
94,Ines,Giraud,1981-09-14,2017-10-16,null,89554,2018-02-01,1,75,14
95,Leon,Lemonnier,1981-09-14,2016-08-19,null,141156,2021-05-31,4,42,29
96,Agathe,Parent,1969-09-14,2022-03-02,null,78136,2022-06-26,5,83,14
97,Lorraine,Chauvin,1990-09-14,2015-03-08,null,112035,2018-12-16,1,167,16
98,Marcelle,Marty,1981-09-14,2019-04-28,2022-08-10,89233,2021-12-07,2,145,19
99,Arthur,Jacques,1969-09-14,2020-08-31,null,98461,2021-08-09,5,86,16
100,Jerôme,Prevost,1969-09-14,2015-04-28,null,58859,2019-04-18,4,39,18
101,Lorraine,Poulain,1990-09-14,2020-09-22,null,149032,2021-10-12,4,179,21
102,Laurent,Lebrun,1996-09-14,2015-02-26,2020-11-05,148477,2015-02-27,4,35,28
103,Laetitia,Hubert,1996-09-14,2014-11-25,null,92632,2021-09-17,2,54,22
104,Louise,Olivier,1990-09-14,2017-04-29,null,149268,2017-10-08,4,30,3
105,Lorraine,Robin,1981-09-14,2022-03-23,2022-04-06,116326,2022-04-03,5,127,28
106,Celine,Raynaud,1981-09-14,2016-05-07,null,93063,2017-06-20,5,38,10
107,Jean,Levy,1969-09-14,2021-12-14,2022-07-17,129794,2021-12-27,4,90,15
108,Christophe,Raynaud,1996-09-14,2016-03-17,null,61614,2017-06-19,4,82,12
109,Adelaide,Brunel,1990-09-14,2016-05-12,null,85690,2021-11-12,3,97,5
110,Christelle,Nguyen,1990-09-14,2021-12-18,null,132609,2022-07-17,5,133,20
111,Patricia,Marchand,1990-09-14,2022-01-08,null,60067,2022-06-25,4,103,2
112,Anne,Lacombe,1981-09-14,2020-01-28,null,106747,2021-06-06,5,34,20
113,Michel,Delannoy,1969-09-14,2020-11-29,null,60843,2021-09-22,1,112,15
114,Gabrielle,Coulon,1996-09-14,2019-02-06,null,61413,2019-08-12,2,25,27
115,Victor,Faivre,1996-09-14,2017-05-17,null,68310,2021-03-20,5,192,2
116,Audrey,Legendre,1990-09-14,2019-09-17,null,108304,2020-12-28,2,90,9
117,Tristan,Allain,1990-09-14,2022-08-20,null,93528,2022-09-13,5,144,27
118,Elodie,Bousquet,1981-09-14,2018-02-03,null,67909,2019-04-19,5,157,17
119,Ines,Goncalves,1990-09-14,2017-01-11,null,67661,2021-04-16,4,120,5
120,Alexandre,Gillet,1996-09-14,2020-01-15,null,125506,2020-07-27,4,93,5
121,Dominique,Mary,1981-09-14,2018-07-30,null,105703,2019-01-30,4,125,11
122,Matthieu,Briand,1990-09-14,2020-03-03,null,75888,2020-07-12,3,142,6
123,Suzanne,Dos Santos,1969-09-14,2021-03-17,null,81148,2021-10-17,4,103,6
124,Marie,Fischer,1996-09-14,2015-10-06,null,135731,2022-03-16,5,156,19
125,Capucine,Maury,1996-09-14,2017-11-22,null,131246,2019-12-17,5,177,20
126,Agnes,Boulanger,1996-09-14,2019-02-04,null,80478,2020-03-28,3,175,10
127,Mathilde,Schneider,1969-09-14,2016-04-12,null,56732,2018-08-27,3,30,13
128,Remy,Couturier,1990-09-14,2022-03-02,null,82770,2022-05-05,5,103,11
129,Adrienne,Ledoux,1981-09-14,2015-04-26,null,65799,2019-10-26,2,32,26
130,Penelope,Gosselin,1969-09-14,2022-03-28,null,65447,2022-07-13,5,120,12
131,Louise,Lucas,1990-09-14,2020-04-14,2022-06-01,94358,2020-07-09,5,39,14
132,Marthe,Roger,1990-09-14,2022-03-25,null,75656,2022-07-13,3,76,2
133,Marthe,Delorme,1981-09-14,2020-06-25,null,71510,2021-06-03,1,168,21
134,Victoire,Perez,1990-09-14,2021-12-18,null,111271,2022-04-28,2,59,22
135,Jacques,Martin,1990-09-14,2019-12-31,null,127957,2021-10-02,5,100,24
136,Yves,Pineau,1996-09-14,2021-01-11,2022-01-23,115562,2021-05-06,4,152,22
137,Noël,Sanchez,1969-09-14,2016-05-12,null,125299,2016-06-05,3,188,27
138,Alice,Lopes,1996-09-14,2020-09-20,null,53541,2020-12-20,4,28,24
139,Monique,Caron,1990-09-14,2017-04-07,null,114744,2018-12-16,4,9,20
140,Alexandrie,Lopez,1981-09-14,2021-10-22,null,75039,2021-12-22,3,9,11
141,Marie,Foucher,1990-09-14,2018-09-01,null,97577,2021-03-15,5,19,28
142,Emmanuel,Picard,1981-09-14,2020-01-28,null,125868,2021-05-02,4,48,25
143,Oceane,Tanguy,1990-09-14,2022-05-24,null,125883,2022-08-23,1,196,12
144,Laetitia,Lenoir,1990-09-14,2019-03-19,null,139259,2019-11-10,3,107,24
145,Alfred,Guillaume,1990-09-14,2020-11-26,null,126791,2021-09-06,5,35,22
146,Noemi,Dumont,1981-09-14,2018-09-04,null,74758,2020-09-29,5,44,26
147,Elisabeth,Bonnet,1981-09-14,2021-02-12,null,92248,2021-09-23,5,4,8
148,Corinne,Lacombe,1981-09-14,2016-11-18,null,55259,2018-01-12,5,28,8
149,Aimee,Lenoir,1969-09-14,2022-03-17,null,73289,2022-08-26,3,53,14
150,Patrick,Barre,1996-09-14,2017-12-07,null,80600,2021-03-18,2,136,16
151,Therese,Chauvet,1990-09-14,2018-09-14,null,81121,2022-03-09,4,99,10
152,Christelle,Lopez,1969-09-14,2020-04-20,null,112966,2020-12-23,5,112,30
153,Agathe,Clement,1969-09-14,2022-01-21,2022-02-23,125854,2022-02-04,4,140,13
154,Michelle,Blanchard,1981-09-14,2021-02-24,null,142173,2021-09-21,5,177,25
155,Andree,Teixeira,1981-09-14,2015-01-10,null,135496,2016-02-16,3,196,26
156,Agnes,Blanchard,1981-09-14,2015-06-03,null,52850,2020-10-12,5,20,11
157,Daniel,Benard,1996-09-14,2020-07-12,2020-10-03,114634,2020-08-24,5,170,8
158,Gerard,Petitjean,1981-09-14,2019-09-05,null,119688,2022-01-01,3,23,29
159,Agnes,Leblanc,1981-09-14,2022-02-05,2022-06-24,103114,2022-06-23,5,29,16
160,Mathilde,Reynaud,1969-09-14,2020-08-12,null,72827,2020-12-21,3,40,8
161,Patricia,Valentin,1981-09-14,2022-02-08,null,143871,2022-02-15,5,16,25
162,Julien,Pons,1996-09-14,2022-07-15,null,134480,2022-08-26,4,118,8
163,Suzanne,Albert,1969-09-14,2022-02-20,null,73005,2022-08-04,2,35,19
164,Claude,Valentin,1981-09-14,2015-12-01,null,77249,2017-04-20,3,15,15
165,Gerard,Grondin,1990-09-14,2019-12-23,2021-04-19,114472,2020-09-06,1,126,15
166,Theodore,Lefort,1969-09-14,2019-11-29,null,63029,2021-07-31,5,83,12
167,Andree,Dijoux,1969-09-14,2015-03-12,null,139671,2018-05-02,5,33,10
168,Suzanne,Lamy,1981-09-14,2017-09-14,null,91487,2021-06-09,3,94,10
169,Odette,Arnaud,1996-09-14,2016-10-01,null,136355,2016-11-06,3,41,9
170,Maggie,Grenier,1981-09-14,2017-01-03,null,105400,2020-10-27,4,108,6
171,Patricia,Baron,1990-09-14,2017-02-28,null,146626,2020-08-26,3,144,28
172,Laurent,Antoine,1990-09-14,2019-02-15,null,129661,2020-06-30,3,191,3
173,Emilie,Peron,1981-09-14,2019-01-01,null,89259,2022-03-08,3,156,15
174,Martine,Moreau,1996-09-14,2018-04-12,null,120283,2018-11-02,3,195,12
175,Suzanne,Mercier,1981-09-14,2020-12-05,2022-01-18,96337,2021-02-04,2,53,15
176,Nicolas,Auger,1990-09-14,2021-07-10,null,137181,2022-06-10,3,109,9
177,Vincent,Verdier,1969-09-14,2017-06-15,null,70605,2022-05-14,3,96,11
178,Thibaut,Perret,1996-09-14,2016-01-15,2021-09-26,86514,2016-12-28,3,59,6
179,Victoire,Ferreira,1981-09-14,2015-09-01,2022-02-27,114918,2017-08-17,5,53,5
180,Pierre,Chretien,1996-09-14,2016-03-05,2016-04-16,137759,2016-03-19,2,62,3
181,Anouk,Valette,1981-09-14,2016-05-14,null,136200,2022-01-21,5,77,27
182,Juliette,Chauveau,1981-09-14,2020-02-22,2020-05-08,118904,2020-02-27,3,5,21
183,Ines,Gay,1996-09-14,2022-06-18,null,68394,2022-08-17,5,155,29
184,Thierry,Couturier,1990-09-14,2016-02-16,null,116821,2020-01-23,5,132,14
185,Andre,Rolland,1981-09-14,2017-10-14,null,104646,2018-07-24,5,179,5
186,Bertrand,Picard,1969-09-14,2021-12-25,null,117221,2022-07-08,5,176,16
187,Renee,Rossi,1996-09-14,2020-12-21,2022-06-23,141163,2021-08-05,4,143,2
188,Honore,Lagarde,1969-09-14,2019-11-16,null,113527,2020-01-04,5,33,20
189,Eugene,Pottier,1996-09-14,2021-08-27,null,97062,2022-05-09,5,115,30
190,Edouard,Leroux,1996-09-14,2020-11-15,null,135273,2022-02-27,2,197,4
191,Henriette,Techer,1969-09-14,2019-05-31,null,141677,2021-10-11,2,186,19
192,Hortense,Hubert,1969-09-14,2018-12-05,null,69761,2019-11-07,4,26,21
193,Timothee,Levy,1990-09-14,2015-01-25,null,69743,2016-03-08,3,39,20
194,Laurence,Tanguy,1990-09-14,2018-05-26,null,102841,2019-10-07,3,86,28
195,Suzanne,Loiseau,1969-09-14,2021-02-15,2022-07-26,78641,2021-10-03,5,31,25
196,Nicole,Gonzalez,1990-09-14,2020-09-27,null,111197,2021-04-20,4,87,29
197,Martine,Rolland,1981-09-14,2019-11-27,null,57725,2021-07-14,5,84,19
198,Danielle,Pineau,1990-09-14,2015-01-03,null,149803,2020-09-26,1,22,28
199,Antoinette,Gauthier,1969-09-14,2015-10-13,null,78596,2017-09-23,5,193,27
200,Simone,Valentin,1990-09-14,2016-10-05,null,81234,2022-03-10,5,144,26
201,Elisabeth,Thomas,1981-09-14,2015-04-11,null,52778,2021-05-31,5,160,30
202,Laetitia,Pichon,1981-09-14,2020-07-06,null,63140,2021-03-30,4,36,18
203,Noël,Chevallier,1969-09-14,2015-09-29,null,84920,2019-03-26,3,20,8
204,Augustin,Regnier,1969-09-14,2021-07-27,null,58727,2021-11-17,5,196,13
205,Martine,Potier,1996-09-14,2018-03-24,null,148952,2020-02-02,2,150,28
206,Paul,Gauthier,1996-09-14,2018-04-02,null,128363,2018-12-23,4,51,9
207,Edith,Lecomte,1990-09-14,2021-01-04,null,72533,2022-02-10,3,122,26
208,Etienne,Didier,1990-09-14,2016-10-23,null,120256,2017-06-03,2,102,24
209,Philippine,Evrard,1981-09-14,2015-05-26,null,144997,2019-06-03,1,77,5
210,Edouard,Lemonnier,1981-09-14,2016-10-25,null,107792,2017-03-23,5,172,22
211,Juliette,Renard,1969-09-14,2016-07-25,null,84506,2022-05-01,5,177,30
212,Olivier,Duhamel,1981-09-14,2021-03-19,null,125429,2022-02-02,3,4,12
213,Astrid,Blanchard,1996-09-14,2016-09-18,null,124827,2018-03-07,3,104,4
214,Antoinette,Delahaye,1969-09-14,2019-07-03,null,55604,2019-08-24,2,113,18
215,Jeanne,Mercier,1981-09-14,2022-03-08,null,71618,2022-04-08,5,20,18
216,Constance,Vallet,1981-09-14,2016-09-16,2021-08-30,63073,2019-12-22,5,172,29
217,Renee,Dos Santos,1981-09-14,2020-01-29,null,66453,2022-05-17,5,187,10
218,Gabrielle,Blanchet,1990-09-14,2022-03-05,null,67601,2022-03-31,5,69,10
219,Gabriel,Lambert,1996-09-14,2015-07-28,2018-07-26,93033,2018-06-25,5,192,5
220,Alexandrie,Roux,1981-09-14,2020-07-01,null,133197,2021-11-28,3,56,21
221,Lucas,Foucher,1996-09-14,2020-08-14,null,109508,2022-02-07,5,54,25
222,Charles,Grenier,1990-09-14,2015-10-15,null,105190,2016-01-16,4,58,10
223,Isabelle,Legendre,1981-09-14,2021-05-01,null,98397,2022-06-03,4,198,5
224,Margot,Diaz,1990-09-14,2016-04-04,null,91725,2021-12-04,3,193,12
225,Noemi,Langlois,1990-09-14,2017-07-05,null,85515,2021-03-14,3,185,28
226,Timothee,Gaillard,1990-09-14,2021-10-07,null,147635,2022-04-28,4,180,28
227,Clemence,Aubry,1990-09-14,2022-02-07,null,85141,2022-02-11,4,155,20
